SampleId;SIGDetection;SIGCode;VTFirstSeen;VTLastSeen;AicsClassificationDate;Classification_Initial;Classification_5;Classification_10;Classification_15;Classification_30;Classification_45;Classification_60;Classification_60Plus;Classification_5_Rescanned;Classification_10_Rescanned;Classification_15_Rescanned;Classification_30_Rescanned;Classification_45_Rescanned;Classification_60_Rescanned;Classification_60Plus_Rescanned;Classification_Last
01510b04d43ab713212e581c703e31d3;Detected;2108;2026-06-29 20:02:28.00;2026-07-01 08:18:00.00;2026-07-07 01:00:50.03;MW;MW;MW;;;;;;0;0;;;;;;MW
01c45b7a0384e834eb8de03b8baba9c1;Detected;2106;2026-07-03 13:42:09.00;2026-07-04 03:47:55.00;2026-07-07 01:00:50.03;MW;MW;;;;;;;1;;;;;;;MW
030bdaa045944b06091c14607e0088d5;Detected;2108;2026-06-27 07:17:59.00;2026-06-27 07:17:59.00;2026-07-07 01:00:50.03;MW;MW;MW;;;;;;0;0;;;;;;MW
049acb4be8d6b704a05930a4ee951748;NotDetected;0;2026-06-23 01:56:39.00;2026-06-23 01:56:39.00;2026-07-07 01:00:50.03;GW;GW;GW;GW;;;;;1;1;1;;;;;GW
0b7254a0f6760fa1edaa994d021b11c7;NotDetected;0;2026-06-25 18:09:48.00;2026-06-25 18:09:48.00;2026-07-07 01:00:50.03;GW;GW;;;;;;;1;;;;;;;GW
0c0b070a058af17fa35fd1b3a5638629;Detected;2106;2026-06-26 14:31:41.00;2026-06-27 00:39:56.00;2026-07-07 01:00:50.03;MW;MW;MW;MW;;;;;1;0;0;;;;;MW
0dd16ac52fce547928974b80c8e77ac7;SignedDetection;13108;2026-06-27 06:06:14.00;2026-06-27 13:49:47.00;2026-07-07 01:00:50.03;MW;MW;MW;;;;;;1;0;;;;;;MW
10793c07d0982750f78204a21bc1c62f;NotDetected;0;2026-06-25 18:20:12.00;2026-06-25 18:20:12.00;2026-07-07 01:00:50.03;GW;GW;;;;;;;1;;;;;;;GW
10f94b5e201f7be986454ceb7acc67c2;Detected;2108;2026-06-25 04:26:17.00;2026-06-25 04:26:17.00;2026-07-07 01:00:50.03;MW;MW;MW;MW;;;;;1;0;0;;;;;MW
118021893d882d58d0031c52a6c1f5f5;3PT;355;2026-06-30 19:33:02.00;2026-06-30 19:33:02.00;2026-07-07 01:00:50.03;Gray;Gray;;;;;;;0;;;;;;;Gray
12a4de0ce45c9f08d5016c60fa4951aa;Detected;2108;2026-06-27 18:41:52.00;2026-06-28 08:05:46.00;2026-07-07 01:00:50.03;MW;MW;MW;;;;;;1;1;;;;;;MW
132a73f43a2905e1e4becf49379b94fa;Detected;2046;2026-06-29 17:58:46.00;2026-06-30 17:15:28.00;2026-07-07 01:00:50.03;MW;MW;MW;;;;;;0;0;;;;;;MW
148922ce5aa573f4d3d24afc21a7b4e4;NotDetected;0;2026-06-22 14:11:07.00;2026-06-22 14:11:07.00;2026-07-07 01:00:50.03;GW;GW;GW;GW;;;;;1;0;1;;;;;GW
14948db9ee14aa18dd25ced892981b9e;Detected;2108;2026-06-27 02:25:19.00;2026-06-28 01:31:36.00;2026-07-07 01:00:50.03;MW;MW;MW;;;;;;0;1;;;;;;MW
15ba1207952c96c3bf3151b972e7a543;NotDetected;0;2026-06-24 20:03:28.00;2026-06-24 20:03:28.00;2026-07-07 01:00:50.03;GW;GW;GW;;;;;;1;0;;;;;;GW
1707484865b091d8819e443ae0936e74;Zeroday;700160;2026-06-25 12:20:15.00;2026-06-25 12:20:15.00;2026-07-07 01:00:50.03;GW;GW;GW;;;;;;1;0;;;;;;GW
1762f1e64b02fdd3fb1c4a6b5b467da8;Detected;2108;2026-06-27 19:40:08.00;2026-06-29 09:15:43.00;2026-07-07 01:00:50.03;MW;MW;MW;;;;;;1;1;;;;;;MW
1a3eb2f5a89a586bd848cae3565cee56;3PT;344;2026-06-30 15:58:56.00;2026-06-30 15:58:56.00;2026-07-07 01:00:50.03;GW;GW;;;;;;;1;;;;;;;GW
1a4fa710efe5fc410beaedb13bf20e90;SignedDetection;13108;2026-07-01 18:10:13.00;2026-07-02 06:10:11.00;2026-07-07 01:00:50.03;MW;MW;MW;;;;;;1;0;;;;;;MW
1d65cdea633ddda5700f4b0348ade2ae;Detected;2025;2026-06-29 22:00:11.00;2026-07-01 05:39:24.00;2026-07-07 01:00:50.03;MW;MW;MW;;;;;;0;0;;;;;;MW
1f4b8f067d145565d8dfa7ed510c61be;Detected;2521;2026-06-30 17:04:23.00;2026-07-03 07:01:57.00;2026-07-07 01:00:50.03;Gray;Gray;;;;;;;1;;;;;;;Gray
2156c1baa4c60ec37885fb9c845d6d07;NotDetected;0;2026-06-25 18:19:45.00;2026-06-25 18:19:45.00;2026-07-07 01:00:50.03;GW;GW;;;;;;;1;;;;;;;GW
23a84ceab64ec3d1b3909365b8b40ebd;Detected;2108;2026-07-02 12:04:16.00;2026-07-02 12:04:16.00;2026-07-07 01:00:50.03;MW;MW;;;;;;;0;;;;;;;MW
25656c2a4250cd5bdb3edd5bb3dd32fb;NotDetected;0;2026-06-25 01:38:18.00;2026-06-27 16:05:28.00;2026-07-07 01:00:50.03;GW;GW;GW;;;;;;1;0;;;;;;GW
27b1c8731cec32be7a0806502994171a;Detected;2108;2026-06-26 13:46:58.00;2026-06-26 13:46:58.00;2026-07-07 01:00:50.03;MW;MW;MW;MW;;;;;1;0;0;;;;;MW
28a3cc438d70c148389cffcf045e1678;NotDetected;0;2026-06-25 18:12:16.00;2026-06-25 18:12:16.00;2026-07-07 01:00:50.03;GW;GW;;;;;;;1;;;;;;;GW
28a483eac56dcdc47c904ce010f34d65;SignedDetection;13108;2026-06-24 20:45:44.00;2026-06-26 05:00:52.00;2026-07-07 01:00:50.03;MW;MW;MW;MW;;;;;1;0;0;;;;;MW
28b9b930c7a7922240175e87ec241ab8;NotDetected;0;2026-06-25 18:19:56.00;2026-06-25 18:19:56.00;2026-07-07 01:00:50.03;GW;GW;;;;;;;1;;;;;;;GW
28c698491cf2672f864a68025772e027;Detected;2046;2026-07-04 20:51:12.00;2026-07-04 23:39:04.00;2026-07-07 01:00:50.03;MW;MW;;;;;;;1;;;;;;;MW
28ce71bbde1b6104071a66186797a417;NotDetected;0;2026-06-25 18:12:07.00;2026-06-25 18:12:07.00;2026-07-07 01:00:50.03;GW;GW;;;;;;;1;;;;;;;GW
2cefe5ab1302c8a9e4ffc5fdbcdfd8ca;Detected;2123;2026-06-21 06:11:19.00;2026-06-21 06:11:19.00;2026-07-07 01:00:50.03;MW;MW;MW;;;;;;1;1;;;;;;MW
2e39d731619119143880068c1134b5ca;NotDetected;0;2026-06-24 20:03:28.00;2026-06-24 20:03:28.00;2026-07-07 01:00:50.03;GW;GW;GW;;;;;;1;0;;;;;;GW
3531c676c0b98b531c91667ed8277931;NotDetected;0;2026-06-25 18:19:22.00;2026-06-25 18:19:22.00;2026-07-07 01:00:50.03;GW;GW;;;;;;;1;;;;;;;GW
357812550c87fd1e90f2b49bbb8bf5c2;NotDetected;0;2026-06-25 18:11:42.00;2026-06-25 18:11:42.00;2026-07-07 01:00:50.03;GW;GW;;;;;;;1;;;;;;;GW
36b6bc2e436d966b5cbb87f0d49e99fe;Detected;2106;2026-06-28 13:04:47.00;2026-06-28 13:04:47.00;2026-07-07 01:00:50.03;MW;MW;MW;;;;;;0;0;;;;;;MW
371684847a27dcde9af7569765d2e637;NotDetected;0;2026-06-25 18:21:17.00;2026-06-25 18:21:17.00;2026-07-07 01:00:50.03;GW;GW;;;;;;;1;;;;;;;GW
37da418868c24078248f53d1e6fdda8a;Detected;2108;2026-07-01 06:24:51.00;2026-07-02 18:18:57.00;2026-07-07 01:00:50.03;MW;MW;;;;;;;0;;;;;;;MW
38a05ab2fc788d45aaa7b53b09c9e5f9;Detected;2108;2026-06-30 09:54:33.00;2026-07-01 20:09:24.00;2026-07-07 01:00:50.03;MW;MW;MW;;;;;;0;0;;;;;;MW
38cf319919d11ed79510034a9d16feb9;Detected;2106;2026-06-29 22:47:22.00;2026-06-30 16:47:39.00;2026-07-07 01:00:50.03;Gray;Gray;Gray;;;;;;1;1;;;;;;Gray
39245fadc0ea2b60346d778f6081be8f;Detected;2114;2026-07-03 23:43:45.00;2026-07-05 02:33:33.00;2026-07-07 01:00:50.03;MW;MW;;;;;;;0;;;;;;;MW
39405427788c2e852b92a99d4ef76181;3PT;337;2026-06-27 20:15:34.00;2026-06-27 20:30:00.00;2026-07-07 01:00:50.03;GW;GW;GW;;;;;;1;1;;;;;;GW
3ac8eda39e07f2cfe49d3fb4c61b26e6;Zeroday;702049;2026-07-01 03:29:07.00;2026-07-01 03:29:07.00;2026-07-07 01:00:50.03;GW;GW;;;;;;;0;;;;;;;GW
3b101d2545c517476d2ef3e2171a0482;3PT;262;2026-06-18 07:29:02.00;2026-06-18 07:29:02.00;2026-07-07 01:00:50.03;GW;GW;GW;GW;;;;;1;1;0;;;;;GW
3b1d87c1465036cd2d1832e04c310f11;Detected;2108;2026-06-25 00:00:45.00;2026-06-26 07:05:04.00;2026-07-07 01:00:50.03;MW;MW;MW;MW;;;;;1;0;0;;;;;MW
3d614e7b005671ccdf27f60f73dc9680;NotDetected;0;2026-06-25 18:12:21.00;2026-06-25 18:12:21.00;2026-07-07 01:00:50.03;GW;GW;;;;;;;1;;;;;;;GW
3de31e4683292316f181488a1fa8ab44;3PT;305;2026-06-19 00:04:05.00;2026-06-23 15:52:16.00;2026-07-07 01:00:50.03;Gray;Gray;Gray;Gray;;;;;1;1;1;;;;;Gray
3f0efacbd9e54b2858b6ff90f6e5fe2e;NotDetected;0;2026-06-30 09:17:14.00;2026-06-30 09:17:14.00;2026-07-07 01:00:50.03;GW;GW;GW;;;;;;1;0;;;;;;GW
3f8c018805948be26c02f7f630c450dd;Detected;2003;2026-06-30 17:41:13.00;2026-06-30 17:41:13.00;2026-07-07 01:00:50.03;MW;MW;;;;;;;0;;;;;;;MW
4035ac82d429ada4ad1e42ae2446c33a;Detected;2114;2026-06-28 02:27:19.00;2026-06-29 07:15:26.00;2026-07-07 01:00:50.03;MW;MW;MW;;;;;;1;0;;;;;;MW
46e6ba41020b4d3b10e6494f571acf19;3PT;262;2026-06-25 00:11:09.00;2026-06-25 00:11:09.00;2026-07-07 01:00:50.03;GW;GW;GW;GW;;;;;1;1;0;;;;;GW
48a9a7e9f58c72b49f61d9b8f2b62d41;NotDetected;0;2026-07-01 19:53:39.00;2026-07-01 19:53:39.00;2026-07-07 01:00:50.03;GW;GW;;;;;;;1;;;;;;;GW
4aa8d2b9e7148b55341bbef8eb3bf0d5;Detected;2108;2026-06-29 03:12:53.00;2026-07-03 11:54:33.00;2026-07-07 01:00:50.03;MW;MW;;;;;;;1;;;;;;;MW
4ae7f461cf02ec51b1f7d7bd219a4d94;3PT;262;2026-06-21 02:36:41.00;2026-06-21 02:36:41.00;2026-07-07 01:00:50.03;GW;GW;GW;GW;;;;;1;1;0;;;;;GW
4ce73546d967673aeb0845d415ee2213;Detected;2108;2026-06-29 16:10:47.00;2026-06-29 19:22:59.00;2026-07-07 01:00:50.03;MW;MW;MW;;;;;;1;0;;;;;;MW
4dc18fe55dfa111638611993037b9f77;Detected;2025;2026-06-23 14:36:19.00;2026-06-25 01:17:03.00;2026-07-07 01:00:50.03;MW;MW;MW;MW;;;;;1;0;1;;;;;MW
51242d1f06d41c80ea8c6fa541be3d6e;Detected;2518;2026-07-02 20:14:01.00;2026-07-05 00:24:11.00;2026-07-07 01:00:50.03;MW;MW;;;;;;;1;;;;;;;MW
51d19f4944673e80fe676f9c2d37b158;3PT;206;2026-06-26 10:07:07.00;2026-06-26 10:07:07.00;2026-07-07 01:00:50.03;Gray;Gray;Gray;;;;;;1;1;;;;;;Gray
5639a548f2f21b0a7814a12fdebc8c25;NotDetected;0;2026-06-30 09:34:01.00;2026-06-30 09:34:01.00;2026-07-07 01:00:50.03;GW;GW;;;;;;;1;;;;;;;GW
568a70ffda3dfca7e3d624080496145c;NotDetected;0;2026-07-01 01:42:48.00;2026-07-01 01:42:48.00;2026-07-07 01:00:50.03;GW;GW;;;;;;;1;;;;;;;GW
57a5f5ffdabb21e778426f14c77996f8;Detected;2108;2026-06-26 03:28:57.00;2026-07-04 08:09:54.00;2026-07-07 01:00:50.03;MW;MW;;;;;;;0;;;;;;;MW
57db74eafd607f2339c676b0032f7e84;Detected;2108;2026-06-30 05:27:46.00;2026-06-30 05:27:46.00;2026-07-07 01:00:50.03;MW;MW;;;;;;;0;;;;;;;MW
581e1670e651ce62ec250cbc26f8c4ff;Detected;2003;2026-06-30 17:41:13.00;2026-06-30 17:41:13.00;2026-07-07 01:00:50.03;MW;MW;;;;;;;0;;;;;;;MW
582094a80243cb924dbe526e4826bdca;Detected;2114;2026-07-05 14:35:28.00;2026-07-06 06:41:08.00;2026-07-07 01:00:50.03;MW;MW;;;;;;;1;;;;;;;MW
5848db1a4b0d5c8b6adc8bcbaaf943c0;SignedDetection;13108;2026-06-29 01:38:26.00;2026-06-30 05:48:24.00;2026-07-07 01:00:50.03;MW;MW;MW;;;;;;1;0;;;;;;MW
5d1e09da3d396678ddbaf942afa46a35;Debugging;1102304;2026-06-24 00:00:38.00;2026-06-27 21:42:11.00;2026-07-07 01:00:50.03;GW;GW;;;;;;;1;;;;;;;GW
5d2984f8b0ed67c2f8be021cb9339718;3PT;225;2026-06-19 20:30:00.00;2026-06-28 04:09:05.00;2026-07-07 01:00:50.03;MW;MW;MW;;;;;;1;1;;;;;;MW
5f6b6f9858192af2935e7358a0957fef;Detected;2012;2026-06-24 09:33:38.00;2026-06-24 09:33:38.00;2026-07-07 01:00:50.03;GW;GW;GW;GW;;;;;0;1;0;;;;;GW
61ae29b4820367e1123220659854ffd7;NotDetected;0;2026-06-25 01:38:18.00;2026-06-25 01:38:18.00;2026-07-07 01:00:50.03;GW;GW;;;;;;;1;;;;;;;GW
63c330969eeb131730959db777eccee1;NotDetected;0;2026-06-25 18:24:25.00;2026-06-25 18:24:25.00;2026-07-07 01:00:50.03;GW;GW;;;;;;;1;;;;;;;GW
65077c68315e6cc67a99dc8ae8766d7b;NotDetected;0;2026-06-26 01:39:57.00;2026-06-26 01:39:57.00;2026-07-07 01:00:50.03;Gray;Gray;;;;;;;1;;;;;;;Gray
65193064fce5cf148108ead31c3bb731;Detected;2518;2026-07-02 12:38:39.00;2026-07-04 09:12:42.00;2026-07-07 01:00:50.03;MW;MW;;;;;;;1;;;;;;;MW
6531181dcee4ebbaf7721b3c29c30c23;NotDetected;0;2026-06-25 18:21:11.00;2026-06-25 18:21:11.00;2026-07-07 01:00:50.03;GW;GW;;;;;;;1;;;;;;;GW
65ccdcfc0b9b14c0963b78b0641d3489;Detected;2106;2026-07-05 14:30:25.00;2026-07-05 14:30:25.00;2026-07-07 01:00:50.03;MW;MW;;;;;;;1;;;;;;;MW
672501fb25ef1fea56c352f1ede7945c;NotDetected;0;2026-06-25 01:38:18.00;2026-06-25 01:38:18.00;2026-07-07 01:00:50.03;Gray;Gray;;;;;;;1;;;;;;;Gray
67988c2b7a798a4f0f90d9f50321ea6d;NotDetected;0;2026-06-25 18:09:31.00;2026-06-25 18:09:31.00;2026-07-07 01:00:50.03;GW;GW;;;;;;;1;;;;;;;GW
6acdbef14e0881a5cad6d31a4e5d4efc;NotDetected;0;2026-06-30 09:17:09.00;2026-06-30 09:17:09.00;2026-07-07 01:00:50.03;GW;GW;GW;;;;;;1;0;;;;;;GW
6be859087e9d2ec492913f12c28986e8;Detected;2521;2026-06-23 21:18:34.00;2026-06-26 22:54:03.00;2026-07-07 01:00:50.03;MW;MW;MW;;;;;;1;0;;;;;;MW
6c10449ae6e29a7eb50f050d42ed7c44;NotDetected;0;2026-06-26 01:39:57.00;2026-06-26 01:39:57.00;2026-07-07 01:00:50.03;Gray;Gray;;;;;;;1;;;;;;;Gray
6c9a265491b038b6bf432f12b6ead67e;Detected;2115;2026-06-20 10:57:43.00;2026-06-20 10:57:43.00;2026-07-07 01:00:50.03;GW;GW;GW;;;;;;1;1;;;;;;GW
70d6fde22cc3addc70766e5fd0aeff92;Detected;2108;2026-06-23 10:20:36.00;2026-06-23 10:22:12.00;2026-07-07 01:00:50.03;MW;MW;MW;MW;;;;;1;0;0;;;;;MW
73c211dada919ed953037e8bcbf1c3ed;Detected;2012;2026-07-02 20:29:26.00;2026-07-02 20:29:26.00;2026-07-07 01:00:50.03;GW;GW;;;;;;;0;;;;;;;GW
74944d9a065351ae3385ff892d7683ab;Detected;2106;2026-06-21 11:55:22.00;2026-06-21 11:55:22.00;2026-07-07 01:00:50.03;Gray;Gray;Gray;;;;;;1;1;;;;;;Gray
74a59a1bf55b071a9d8ea30825b0fb09;Detected;2108;2026-07-03 01:00:13.00;2026-07-03 01:00:13.00;2026-07-07 01:00:50.03;MW;MW;;;;;;;0;;;;;;;MW
75dcc47ffaf7486301e1e415f708cbd8;NotDetected;0;2026-06-25 18:19:33.00;2026-06-25 18:19:33.00;2026-07-07 01:00:50.03;GW;GW;;;;;;;1;;;;;;;GW
767218859875be013ca487b5d4d0fcea;NotDetected;0;2026-06-30 21:36:04.00;2026-06-30 21:36:04.00;2026-07-07 01:00:50.03;Gray;Gray;;;;;;;1;;;;;;;Gray
779abc46f31a8a3f1a8cd14e8f594316;NotDetected;0;2026-06-25 18:11:47.00;2026-06-25 18:11:47.00;2026-07-07 01:00:50.03;GW;GW;;;;;;;1;;;;;;;GW
77b155178cbc5651a457db04cf12cd7e;Detected;2108;2026-06-25 13:47:27.00;2026-06-26 05:46:10.00;2026-07-07 01:00:50.03;MW;MW;MW;MW;;;;;1;1;0;;;;;MW
7823cdba36018471036e7b68c1607fd6;Detected;2025;2026-07-03 08:37:13.00;2026-07-04 18:54:27.00;2026-07-07 01:00:50.03;MW;MW;;;;;;;0;;;;;;;MW
795e8c687be729d9e87175c78b97991e;Detected;2108;2026-06-26 14:57:40.00;2026-06-27 21:19:32.00;2026-07-07 01:00:50.03;Gray;Gray;Gray;;;;;;1;1;;;;;;Gray
79667d1731ee4f94ef0173328c623cbf;Detected;2009;2026-07-04 02:11:15.00;2026-07-04 02:11:15.00;2026-07-07 01:00:50.03;MW;MW;;;;;;;1;;;;;;;MW
7a81a930e55f40fbfee093e2ce0fd878;Detected;2012;2026-06-29 14:29:41.00;2026-06-29 14:29:41.00;2026-07-07 01:00:50.03;GW;GW;GW;;;;;;0;1;;;;;;GW
7a921d7e9a79f0d09926d61fc2a13d97;Detected;2518;2026-06-27 11:30:01.00;2026-07-05 06:43:30.00;2026-07-07 01:00:50.03;Gray;Gray;;;;;;;1;;;;;;;Gray
7e6c9776fbdf4f5b5d65b1891a5e46e2;3PT;344;2026-06-30 15:58:56.00;2026-06-30 15:58:56.00;2026-07-07 01:00:50.03;GW;GW;;;;;;;0;;;;;;;GW
80e4453673de931b1b3b551c743ce989;Detected;2108;2026-06-29 18:28:08.00;2026-07-01 08:52:26.00;2026-07-07 01:00:50.03;MW;MW;MW;;;;;;1;0;;;;;;MW
85fdb37301a45dfe029415f77d7cbe06;Detected;2099;2026-06-27 00:00:38.00;2026-06-28 07:59:20.00;2026-07-07 01:00:50.03;GW;GW;GW;;;;;;1;1;;;;;;GW
86ba9a27b6fdbfe369932cae403262ee;Zeroday;112304;2026-06-24 00:44:50.00;2026-06-24 00:44:50.00;2026-07-07 01:00:50.03;GW;GW;GW;GW;;;;;0;1;0;;;;;GW
885bc07fe6d505316d2c94dfcce058aa;Detected;2108;2026-06-27 01:11:31.00;2026-06-27 23:40:07.00;2026-07-07 01:00:50.03;MW;MW;MW;;;;;;1;0;;;;;;MW
88fc6837345eb4c3adf2e536120f47c9;Detected;2108;2026-07-04 01:38:29.00;2026-07-04 04:28:02.00;2026-07-07 01:00:50.03;MW;MW;;;;;;;1;;;;;;;MW
8aceb4cd728995daecc5c71b1397461b;NotDetected;0;2026-06-25 18:19:13.00;2026-06-25 18:19:13.00;2026-07-07 01:00:50.03;GW;GW;;;;;;;1;;;;;;;GW
8b3ece29e9b713e025535157d36276d7;Detected;2120;2026-06-23 16:30:41.00;2026-06-25 20:51:10.00;2026-07-07 01:00:50.03;MW;MW;MW;MW;;;;;1;1;0;;;;;MW
8bbd11bfa46879289844ded98b5c368f;NotDetected;0;2026-06-25 18:20:29.00;2026-06-25 18:20:29.00;2026-07-07 01:00:50.03;GW;GW;;;;;;;1;;;;;;;GW
8bfbe54fe78bc6a4c9b5e3dc23499b1e;Detected;2123;2026-07-03 09:33:35.00;2026-07-03 09:33:35.00;2026-07-07 01:00:50.03;MW;MW;;;;;;;0;;;;;;;MW
8c4778a34fc80256762c1d906a7fc909;Detected;2108;2026-06-24 17:26:00.00;2026-06-28 19:52:37.00;2026-07-07 01:00:50.03;MW;MW;MW;;;;;;0;0;;;;;;MW
8d94c211f3735432d9c0f1d5e3d5d410;Skipped;64;2026-06-25 03:11:16.00;2026-06-25 03:14:12.00;2026-07-07 01:00:50.03;GW;GW;GW;GW;;;;;1;1;1;;;;;GW
8f7f694f7bc1482b8d37c1de71081f8f;Detected;2518;2026-06-25 06:16:50.00;2026-06-25 11:42:04.00;2026-07-07 01:00:50.03;MW;MW;MW;MW;;;;;1;0;0;;;;;MW
9147a78b2aadf8f975fd1ad9732d979f;Detected;2518;2026-06-25 14:44:15.00;2026-06-26 08:52:48.00;2026-07-07 01:00:50.03;MW;MW;MW;MW;;;;;1;1;0;;;;;MW
921835b9cd71bae983e0800e08d509b4;SignedDetection;13108;2026-06-27 05:10:25.00;2026-06-27 12:10:41.00;2026-07-07 01:00:50.03;MW;MW;MW;;;;;;1;1;;;;;;MW
9564066d7cabda4c95ad12903c010cb9;Detected;2126;2026-07-03 14:48:18.00;2026-07-03 14:48:18.00;2026-07-07 01:00:50.03;MW;MW;;;;;;;0;;;;;;;MW
956fb16ac3836bbed7d58ea99e0db64e;Detected;2012;2026-07-03 20:29:25.00;2026-07-03 20:29:25.00;2026-07-07 01:00:50.03;GW;GW;;;;;;;0;;;;;;;GW
9b9c5e8d22f20ad9211d4a4de2104d34;Detected;2518;2026-07-05 08:11:39.00;2026-07-05 08:11:39.00;2026-07-07 01:00:50.03;Gray;Gray;;;;;;;1;;;;;;;Gray
9c61465dfb96892f79670ca75587dff7;3PT;305;2026-07-03 04:29:16.00;2026-07-04 10:35:17.00;2026-07-07 01:00:50.03;Gray;Gray;;;;;;;0;;;;;;;Gray
a3555d9588d44ba18a23a4cdf226e9a0;3PT;318;2026-07-02 17:45:39.00;2026-07-02 17:45:39.00;2026-07-07 01:00:50.03;Gray;Gray;;;;;;;0;;;;;;;Gray
a9046fe09317aec821cc5cff20305c80;Detected;2521;2026-06-23 21:18:34.00;2026-06-26 22:53:21.00;2026-07-07 01:00:50.03;Gray;Gray;Gray;Gray;;;;;1;1;0;;;;;Gray
ad2616c73daeab5a5792df3bc75540df;NotDetected;0;2026-06-30 09:34:52.00;2026-06-30 09:34:52.00;2026-07-07 01:00:50.03;GW;GW;;;;;;;1;;;;;;;GW
add385fa8801c7fb75906a501b3f35cd;Zeroday;300144;2026-07-03 21:57:56.00;2026-07-03 21:57:56.00;2026-07-07 01:00:50.03;GW;GW;;;;;;;0;;;;;;;GW
af92e122b2a348abdc1993c8b146f890;NotDetected;0;2026-06-26 01:39:57.00;2026-06-26 01:39:57.00;2026-07-07 01:00:50.03;GW;GW;;;;;;;1;;;;;;;GW
b47fce8610c717c5ae37ffddb88aee85;Detected;2092;2026-06-25 06:59:48.00;2026-06-26 09:30:10.00;2026-07-07 01:00:50.03;MW;MW;MW;MW;;;;;1;0;0;;;;;MW
b5f95c9417be43523a136c5701bb3917;NotDetected;0;2026-06-25 18:09:24.00;2026-06-25 18:09:24.00;2026-07-07 01:00:50.03;GW;GW;;;;;;;1;;;;;;;GW
b9c866b7b67700406dd9361529f6b01b;NotDetected;0;2026-06-25 18:20:33.00;2026-06-25 18:20:33.00;2026-07-07 01:00:50.03;GW;GW;;;;;;;1;;;;;;;GW
babc7bc2bd8061ed88d7db1ddfeefcae;NotDetected;0;2026-06-23 01:56:40.00;2026-06-23 01:56:40.00;2026-07-07 01:00:50.03;GW;GW;GW;GW;;;;;1;0;1;;;;;GW
bae68a3b48fc27fa4709c58e5b681680;NotDetected;0;2026-07-04 06:50:44.00;2026-07-04 06:50:44.00;2026-07-07 01:00:50.03;GW;GW;;;;;;;1;;;;;;;GW
bd913d121c812f22ab077a5252c19a88;3PT;262;2026-06-23 18:55:32.00;2026-06-23 18:55:32.00;2026-07-07 01:00:50.03;GW;GW;;;;;;;1;;;;;;;GW
be4d5be8877750520e9f57acb12838f4;3PT;262;2026-06-27 10:49:23.00;2026-06-27 10:49:23.00;2026-07-07 01:00:50.03;Gray;Gray;Gray;;;;;;0;1;;;;;;Gray
c07c60a92f12ef7d2ed779950bdbdeef;3PT;336;2026-06-25 02:55:09.00;2026-07-04 04:22:37.00;2026-07-07 01:00:50.03;GW;GW;;;;;;;1;;;;;;;GW
c108ab2c65d91f24ae040da6893694d7;SignedDetection;13108;2026-06-24 16:58:01.00;2026-06-25 21:32:10.00;2026-07-07 01:00:50.03;MW;MW;MW;MW;;;;;0;0;0;;;;;MW
c8cdf9a4336b02bbf0c434a0182b3708;SignedDetection;13108;2026-06-28 16:38:24.00;2026-07-02 04:42:17.00;2026-07-07 01:00:50.03;MW;MW;MW;;;;;;0;0;;;;;;MW
c9217bbb81fcd2a967f7d776d726fb04;NotDetected;0;2026-06-23 01:56:40.00;2026-06-23 01:56:40.00;2026-07-07 01:00:50.03;GW;GW;GW;GW;;;;;1;1;0;;;;;GW
c9256309164de888f039b93e541dc2a6;3PT;262;2026-06-23 21:19:57.00;2026-06-23 21:19:57.00;2026-07-07 01:00:50.03;GW;GW;GW;;;;;;1;1;;;;;;GW
c96c953f3f1525786a208bfda02bd719;Detected;2108;2026-06-26 21:32:37.00;2026-06-26 21:32:37.00;2026-07-07 01:00:50.03;MW;MW;MW;;;;;;1;0;;;;;;MW
c9e0ca7cfd3257a9da6ab9f38d364ad4;NotDetected;0;2026-06-30 09:16:54.00;2026-06-30 09:16:54.00;2026-07-07 01:00:50.03;GW;GW;GW;;;;;;1;0;;;;;;GW
ccd8195b4713fe3ae97eb579f397251e;Detected;2518;2026-07-05 05:48:46.00;2026-07-05 11:56:07.00;2026-07-07 01:00:50.03;Gray;Gray;;;;;;;1;;;;;;;Gray
d05daff23820586a061dfd35505697cb;Detected;2025;2026-06-29 19:57:00.00;2026-07-02 08:31:34.00;2026-07-07 01:00:50.03;MW;MW;MW;;;;;;0;0;;;;;;MW
d09c6106936457c4231022d4076e5fa1;3PT;206;2026-06-26 06:14:23.00;2026-06-27 14:18:08.00;2026-07-07 01:00:50.03;GW;GW;GW;;;;;;1;1;;;;;;GW
d0e4a2dbf76e4bc632d85a7556d6df80;Detected;2108;2026-06-23 20:10:32.00;2026-06-25 08:44:17.00;2026-07-07 01:00:50.03;MW;MW;MW;MW;;;;;0;1;0;;;;;MW
d439ecff83eab159061c8ee5e67269a1;Detected;2518;2026-07-05 22:54:40.00;2026-07-05 22:54:40.00;2026-07-07 01:00:50.03;Gray;Gray;;;;;;;1;;;;;;;Gray
d4d950756ef6ef62223c653fb985b0a7;SignedDetection;13108;2026-07-02 07:45:37.00;2026-07-06 08:16:26.00;2026-07-07 01:00:50.03;MW;MW;;;;;;;0;;;;;;;MW
d4e07621062d9aba79dd62eee4167f07;3PT;344;2026-06-30 15:58:57.00;2026-06-30 15:58:57.00;2026-07-07 01:00:50.03;GW;GW;;;;;;;0;;;;;;;GW
d557afd77efd0a82cc156ed12c9c0d57;Detected;2518;2026-06-27 04:31:29.00;2026-06-27 20:11:35.00;2026-07-07 01:00:50.03;MW;MW;MW;;;;;;1;1;;;;;;MW
d766e98b7b7d8891945b06d6139d3fdc;Detected;2108;2026-07-02 16:00:41.00;2026-07-04 07:44:01.00;2026-07-07 01:00:50.03;MW;MW;;;;;;;1;;;;;;;MW
d81c23f65bde5549bbccd1fec0b531b5;3PT;344;2026-06-30 15:58:56.00;2026-06-30 15:58:56.00;2026-07-07 01:00:50.03;GW;GW;;;;;;;1;;;;;;;GW
d989df69cacd8f363958642d0774b56c;Detected;2108;2026-07-04 21:42:46.00;2026-07-05 19:20:55.00;2026-07-07 01:00:50.03;MW;MW;;;;;;;0;;;;;;;MW
d99722912178973c6bf755aff5deff26;Detected;2123;2026-07-02 16:21:40.00;2026-07-04 05:46:28.00;2026-07-07 01:00:50.03;GW;GW;;;;;;;1;;;;;;;GW
dbc806190a8fc54f8bce0578dd24030b;Detected;2108;2026-06-26 09:59:04.00;2026-06-29 12:07:44.00;2026-07-07 01:00:50.03;MW;MW;;;;;;;0;;;;;;;MW
dbf62b9d0b0c3c05f3dce3a83e091945;NotDetected;0;2026-06-23 01:56:39.00;2026-06-23 01:56:39.00;2026-07-07 01:00:50.03;Gray;Gray;Gray;Gray;;;;;1;0;1;;;;;Gray
dd6ae81861c6d1dcdb7556657d45f0a7;Detected;2518;2026-06-25 18:54:10.00;2026-06-27 05:55:33.00;2026-07-07 01:00:50.03;Gray;Gray;MW;MW;;;;;1;1;0;;;;;MW
de13a55e74cfd851579ffd45d763d4ce;Detected;2099;2026-06-27 09:28:42.00;2026-06-27 09:28:42.00;2026-07-07 01:00:50.03;GW;GW;GW;;;;;;0;1;;;;;;GW
e1f617c7231ef2cb83b2f22564090937;Detected;2046;2026-06-27 13:16:49.00;2026-06-28 19:29:15.00;2026-07-07 01:00:50.03;MW;MW;MW;;;;;;0;0;;;;;;MW
e29d151df9172cccbbd4682b1e677776;Detected;2108;2026-06-23 13:40:39.00;2026-06-23 20:54:15.00;2026-07-07 01:00:50.03;MW;MW;MW;MW;;;;;0;0;0;;;;;MW
e45bcbaf6b3029d0106177307518596e;NotDetected;0;2026-06-30 09:16:55.00;2026-06-30 09:16:55.00;2026-07-07 01:00:50.03;GW;GW;GW;;;;;;1;0;;;;;;GW
e5095e94f44e87f41c7a536c89a17f13;NotDetected;0;2026-06-26 09:19:07.00;2026-06-26 09:19:07.00;2026-07-07 01:00:50.03;GW;GW;GW;;;;;;1;1;;;;;;GW
e71c06b8ba73483c3ad65366c33d9440;NotDetected;0;2026-06-25 18:11:59.00;2026-06-25 18:11:59.00;2026-07-07 01:00:50.03;GW;GW;;;;;;;1;;;;;;;GW
e9226e93e125a3c83c49c2673dc5c724;Detected;2025;2026-06-27 02:04:48.00;2026-06-27 02:04:48.00;2026-07-07 01:00:50.03;MW;MW;MW;;;;;;1;0;;;;;;MW
e94a5426e42478d1616d5c191b80b5cb;3PT;336;2026-06-18 04:47:44.00;2026-06-18 04:48:34.00;2026-07-07 01:00:50.03;GW;GW;GW;GW;;;;;0;1;0;;;;;GW
ea8f23738faeeeeac9956b5f6213dce3;NotDetected;0;2026-06-25 01:38:18.00;2026-06-25 01:38:18.00;2026-07-07 01:00:50.03;GW;GW;;;;;;;1;;;;;;;GW
eaeb90f2dc8aaf39b05016f96256faf0;3PT;262;2026-06-24 15:18:04.00;2026-06-24 15:18:04.00;2026-07-07 01:00:50.03;GW;GW;GW;GW;;;;;0;1;0;;;;;GW
eaede9c87870db7a5af5ac64edc2a139;Zeroday;304112;2026-06-24 00:54:02.00;2026-06-24 00:54:02.00;2026-07-07 01:00:50.03;GW;GW;GW;GW;;;;;1;1;0;;;;;GW
eb4cf3ff356f969d8223279d569e5c54;Detected;2106;2026-06-24 02:55:20.00;2026-06-25 07:27:16.00;2026-07-07 01:00:50.03;MW;MW;MW;MW;;;;;1;1;0;;;;;MW
ee2cdfec9a1043b97573e075481e1f60;Detected;2108;2026-06-29 20:11:02.00;2026-07-06 07:33:07.00;2026-07-07 01:00:50.03;MW;MW;;;;;;;0;;;;;;;MW
ee309744100bdf9b07f7bf8fe2770b88;Detected;2009;2026-07-03 17:17:21.00;2026-07-03 17:17:21.00;2026-07-07 01:00:50.03;MW;MW;;;;;;;1;;;;;;;MW
ee7ca16d6b2447a74dea9e439eff6ddd;Detected;2044;2026-06-24 11:14:04.00;2026-06-24 11:14:04.00;2026-07-07 01:00:50.03;GW;GW;GW;GW;;;;;0;0;1;;;;;GW
f04752091c12031fd17c1e4fd573ccc7;Detected;2518;2026-06-27 18:36:24.00;2026-06-29 08:23:02.00;2026-07-07 01:00:50.03;MW;MW;MW;;;;;;1;1;;;;;;MW
f40b313adf18a337b169b3b50496d2a8;NotDetected;0;2026-06-25 18:09:35.00;2026-06-25 18:09:35.00;2026-07-07 01:00:50.03;GW;GW;;;;;;;1;;;;;;;GW
f4fc823e18667e8804c6d966362ac851;Detected;2108;2026-07-02 18:49:29.00;2026-07-02 18:49:29.00;2026-07-07 01:00:50.03;Gray;Gray;;;;;;;1;;;;;;;Gray
f5d2a92b695ae78607effe6bf2e840c5;NotDetected;0;2026-06-25 18:11:55.00;2026-06-25 18:11:55.00;2026-07-07 01:00:50.03;GW;GW;;;;;;;1;;;;;;;GW
f6b085536dcd77f51645cbb08bb60a5d;Detected;2025;2026-06-30 19:12:42.00;2026-06-30 19:12:42.00;2026-07-07 01:00:50.03;Gray;Gray;;;;;;;1;;;;;;;Gray
f7ec614874ab2e3759f99b7d4b7c3b16;Detected;2108;2026-07-02 11:56:31.00;2026-07-04 09:03:03.00;2026-07-07 01:00:50.03;MW;MW;;;;;;;1;;;;;;;MW
faec9937fecd8466b7ac7ad83bd81b69;NotDetected;0;2026-06-25 18:19:01.00;2026-06-25 18:19:01.00;2026-07-07 01:00:50.03;GW;GW;;;;;;;1;;;;;;;GW
fd06cf7b15df3b08e2815a28c30fe7f4;3PT;205;2026-07-04 22:43:13.00;2026-07-06 08:45:23.00;2026-07-07 01:00:50.03;Gray;Gray;;;;;;;1;;;;;;;Gray
fd6b96d119097a07f75197e7a5e97a9f;NotDetected;0;2026-06-25 18:19:07.00;2026-06-25 18:19:07.00;2026-07-07 01:00:50.03;GW;GW;;;;;;;1;;;;;;;GW
fe09f5629a89091cec47c9975bcc0783;3PT;312;2026-06-24 00:59:23.00;2026-06-24 00:59:23.00;2026-07-07 01:00:50.03;GW;GW;GW;GW;;;;;1;1;0;;;;;GW
fe9936d88a4c35d4b9ba5ccbc7960b60;3PT;262;2026-06-27 10:38:04.00;2026-06-27 10:38:04.00;2026-07-07 01:00:50.03;GW;GW;GW;;;;;;0;1;;;;;;GW
